epoch,loudness_zwtv,sharpness_din_tv,roughness_dw,tnr_ecma_perseg,sii_ansi,total,val_loudness_zwtv,val_sharpness_din_tv,val_roughness_dw,val_tnr_ecma_perseg,val_sii_ansi,val_total
1,31.5195369720459,0.3542724847793579,0.09222111850976944,61.85426330566406,0.02240898460149765,3.2267677783966064,15.075102806091309,0.29293540120124817,0.08519037812948227,61.99007797241211,0.018414219841361046,2.7826039791107178
2,12.042597770690918,0.2861543595790863,0.08567988872528076,60.69411087036133,0.01674666441977024,2.6906440258026123,10.33495044708252,0.29132339358329773,0.08330380171537399,60.26787185668945,0.01708579994738102,2.6471636295318604
3,10.487614631652832,0.27575045824050903,0.08447586745023727,58.55905532836914,0.015360099263489246,2.587031602859497,9.512014389038086,0.27100440859794617,0.08335890620946884,58.066001892089844,0.01427779346704483,2.5306808948516846
4,10.064319610595703,0.2711951434612274,0.0843459889292717,56.36179733276367,0.014925874769687653,2.532146692276001,9.20009994506836,0.28105467557907104,0.07998033612966537,55.957942962646484,0.01350618526339531,2.4584598541259766
5,9.756032943725586,0.2683292627334595,0.08371642976999283,54.626956939697266,0.014621228910982609,2.485100746154785,9.154247283935547,0.263703316450119,0.08305419236421585,54.64773178100586,0.013491712510585785,2.4463367462158203
6,9.602313041687012,0.26584452390670776,0.08396538347005844,53.62330627441406,0.014447768218815327,2.4637181758880615,8.935918807983398,0.2677982449531555,0.07939952611923218,53.385948181152344,0.01631288230419159,2.433342695236206
7,9.376981735229492,0.26287925243377686,0.08306106925010681,52.85454177856445,0.01404434721916914,2.4285078048706055,8.58798885345459,0.27087169885635376,0.0793595016002655,52.940345764160156,0.012673793360590935,2.368961811065674
8,9.20963191986084,0.2609347999095917,0.0831068754196167,52.39300537109375,0.013593938201665878,2.409795045852661,8.455455780029297,0.2543671429157257,0.08103914558887482,52.33672332763672,0.013741554692387581,2.3697738647460938
9,9.172930717468262,0.25975510478019714,0.0828436017036438,51.96570587158203,0.013578910380601883,2.397874593734741,8.605644226074219,0.2559283971786499,0.07961031794548035,51.892723083496094,0.012950682081282139,2.339383125305176
10,9.038463592529297,0.2583933472633362,0.08260149508714676,51.583824157714844,0.013434957712888718,2.3833162784576416,8.551165580749512,0.25607508420944214,0.07888015359640121,51.98136520385742,0.01181385014206171,2.3148367404937744
11,9.034534454345703,0.2574707865715027,0.08256790041923523,51.393375396728516,0.01367289200425148,2.382317543029785,8.217994689941406,0.25666573643684387,0.07863157987594604,51.7186279296875,0.012809461914002895,2.3196184635162354
12,8.97077751159668,0.2564719021320343,0.08274814486503601,51.06123352050781,0.012971351854503155,2.365915060043335,8.192225456237793,0.2517831027507782,0.07889547944068909,51.05153274536133,0.012536691501736641,2.3007094860076904
13,8.882363319396973,0.2553948163986206,0.0820385292172432,50.76502990722656,0.013032267801463604,2.3518905639648438,8.110963821411133,0.2560275197029114,0.07958853244781494,51.30350112915039,0.015009038150310516,2.3549675941467285
14,8.753023147583008,0.2536574900150299,0.0818372517824173,50.46311950683594,0.013150429353117943,2.3426513671875,8.288418769836426,0.2502862215042114,0.07919088751077652,50.59633255004883,0.012828677892684937,2.300480604171753
15,8.793096542358398,0.25349506735801697,0.08191927522420883,50.315223693847656,0.012831280939280987,2.336585521697998,8.386113166809082,0.24970293045043945,0.07827161252498627,50.25617599487305,0.01594005897641182,2.3339028358459473
16,8.632583618164062,0.2524012327194214,0.08157416433095932,50.00968551635742,0.012662590481340885,2.32175350189209,8.073034286499023,0.2540416419506073,0.0791756883263588,50.38920593261719,0.011743120849132538,2.2823665142059326
17,8.657831192016602,0.25191131234169006,0.08185087889432907,49.89240264892578,0.012282616458833218,2.31667160987854,7.962644577026367,0.24997439980506897,0.07999488711357117,50.23543930053711,0.012780685909092426,2.2977330684661865
18,8.633323669433594,0.252143919467926,0.0813102275133133,49.743675231933594,0.01242134440690279,2.310645341873169,8.011256217956543,0.24692431092262268,0.07745866477489471,49.90719985961914,0.012821814976632595,2.262542486190796
19,8.513703346252441,0.25121888518333435,0.08134368062019348,49.57131576538086,0.012329689227044582,2.3039605617523193,7.948268413543701,0.2465498447418213,0.07855865359306335,49.60126876831055,0.02021748572587967,2.3824496269226074
20,8.528765678405762,0.25044891238212585,0.08111520111560822,49.391639709472656,0.012080338783562183,2.293978691101074,8.024944305419922,0.24586769938468933,0.07870518416166306,49.590633392333984,0.01155434176325798,2.250049591064453
21,8.571311950683594,0.25041982531547546,0.08085708320140839,49.44485092163086,0.012191684916615486,2.294323444366455,7.952068328857422,0.24834555387496948,0.07876666635274887,49.10287857055664,0.011567545123398304,2.245534658432007
22,8.51498031616211,0.2499423772096634,0.0808221772313118,49.148155212402344,0.012029229663312435,2.28531813621521,7.787232875823975,0.24589835107326508,0.08002255111932755,49.18064880371094,0.01430729404091835,2.2970032691955566
23,8.439824104309082,0.24915964901447296,0.08077072352170944,49.03248596191406,0.011787978932261467,2.277113437652588,7.767617702484131,0.24417519569396973,0.07826244086027145,48.859195709228516,0.014683947898447514,2.276278018951416
24,8.395587921142578,0.24867039918899536,0.080823615193367,48.9838981628418,0.012001890689134598,2.278947591781616,7.976535320281982,0.24656307697296143,0.07818030565977097,49.16124725341797,0.011224805377423763,2.232804775238037
25,8.322698593139648,0.24866515398025513,0.0806589126586914,48.982784271240234,0.011759617365896702,2.272409439086914,7.668676853179932,0.24393554031848907,0.07945631444454193,48.64039993286133,0.01159911509603262,2.236226797103882
26,8.377300262451172,0.2483266294002533,0.08058939129114151,48.7236442565918,0.012154222466051579,2.2739551067352295,7.77221155166626,0.24484820663928986,0.07850339263677597,48.89048767089844,0.011984668672084808,2.2385964393615723
27,8.374499320983887,0.2488880604505539,0.08069723099470139,48.68307876586914,0.011909911409020424,2.271411657333374,7.690186023712158,0.24491873383522034,0.07842572778463364,49.249820709228516,0.01097879745066166,2.22687029838562
28,8.27975845336914,0.2474767118692398,0.08050141483545303,48.63990020751953,0.011714589782059193,2.2623982429504395,7.683559894561768,0.24514508247375488,0.07800255715847015,49.729454040527344,0.013621944934129715,2.271010398864746
29,8.32939624786377,0.2471388876438141,0.08012427389621735,48.44120788574219,0.011932088062167168,2.2587997913360596,7.793172359466553,0.24383144080638885,0.08088243007659912,49.15805435180664,0.011380365118384361,2.2578952312469482
30,8.237481117248535,0.24667829275131226,0.07996337860822678,48.36585998535156,0.011553926393389702,2.2481486797332764,7.728010177612305,0.24471984803676605,0.07758840173482895,48.5721321105957,0.012960904277861118,2.2380621433258057
31,8.258594512939453,0.24738416075706482,0.08026254922151566,48.50722885131836,0.011396263726055622,2.2524001598358154,7.725714206695557,0.24913069605827332,0.07912793755531311,48.82592010498047,0.014028470031917095,2.2810120582580566
32,8.304580688476562,0.2469763457775116,0.08040200173854828,48.320457458496094,0.011735452339053154,2.2562620639801025,7.604149341583252,0.24168547987937927,0.07669901102781296,48.171958923339844,0.011051489040255547,2.186868906021118
33,8.21651554107666,0.24654239416122437,0.07981040328741074,48.34193801879883,0.011622924357652664,2.24672532081604,7.567422866821289,0.24287185072898865,0.07910660654306412,48.61229705810547,0.011033555492758751,2.220459461212158
34,8.172626495361328,0.24682608246803284,0.07973521947860718,48.24015808105469,0.011401419527828693,2.2406630516052246,7.527318954467773,0.242214173078537,0.07638239115476608,47.96767807006836,0.013296251185238361,2.2146031856536865
35,8.174519538879395,0.24587129056453705,0.07967239618301392,48.17835998535156,0.011349070817232132,2.2369370460510254,7.543562412261963,0.24329045414924622,0.07591284066438675,48.158782958984375,0.013535192236304283,2.217971086502075
36,8.131144523620605,0.2458760142326355,0.0794171616435051,48.20426940917969,0.011371898464858532,2.234375,7.511734485626221,0.24280406534671783,0.0767098069190979,48.169700622558594,0.011854358948767185,2.199601650238037
37,8.154205322265625,0.24523630738258362,0.07965867221355438,48.07146453857422,0.01124523300677538,2.232354164123535,7.557156085968018,0.24328771233558655,0.07780254632234573,47.768375396728516,0.012084431946277618,2.2097902297973633
38,8.114617347717285,0.24514438211917877,0.07930731028318405,48.02399444580078,0.01112248282879591,2.2252705097198486,7.421916961669922,0.2404015064239502,0.07541998475790024,47.74191665649414,0.010476985946297646,2.153228759765625
39,8.154105186462402,0.24544566869735718,0.07932822406291962,47.95161437988281,0.011329771019518375,2.228503942489624,7.519200325012207,0.2424096316099167,0.07715818285942078,48.17715835571289,0.01225971058011055,2.210360527038574
40,8.110203742980957,0.24492783844470978,0.07913579046726227,47.92753601074219,0.011201045475900173,2.222766399383545,7.553974151611328,0.24061892926692963,0.07589685171842575,48.1461296081543,0.01603733003139496,2.2528157234191895
41,8.028653144836426,0.24448150396347046,0.07942654192447662,47.913326263427734,0.01110305916517973,2.2224161624908447,7.493537425994873,0.2408970445394516,0.07682792842388153,48.817569732666016,0.010571126826107502,2.188460111618042
42,8.037248611450195,0.24423342943191528,0.07909049838781357,47.81847381591797,0.011047471314668655,2.2162368297576904,7.527968883514404,0.24144139885902405,0.07889792323112488,48.16743850708008,0.012176621705293655,2.2263741493225098
43,8.0953950881958,0.24394287168979645,0.0792357325553894,47.73710632324219,0.011194934137165546,2.219191789627075,7.394550323486328,0.24011705815792084,0.08281400799751282,47.54278564453125,0.010507309809327126,2.229006767272949
44,7.988716125488281,0.24370375275611877,0.07891817390918732,47.75249481201172,0.01099353190511465,2.211127996444702,7.384237289428711,0.2441677451133728,0.07968073338270187,47.45283126831055,0.012208384461700916,2.2256429195404053
45,7.995289325714111,0.24420861899852753,0.07882953435182571,47.709503173828125,0.01117145549505949,2.2130210399627686,7.3261189460754395,0.24043002724647522,0.07535308599472046,47.856807708740234,0.010154138319194317,2.1480605602264404
46,7.917271614074707,0.24384178221225739,0.07847607880830765,47.66352844238281,0.010959341190755367,2.2036569118499756,7.36252498626709,0.2405698448419571,0.0757407397031784,48.188899993896484,0.01169620081782341,2.182003974914551
47,7.968191146850586,0.24406294524669647,0.07846774905920029,47.67276382446289,0.011152001097798347,2.2076923847198486,7.344356536865234,0.24024130403995514,0.07764440029859543,47.49658966064453,0.011555041186511517,2.1885602474212646
48,7.935765743255615,0.24349549412727356,0.07846520841121674,47.56687927246094,0.011026470921933651,2.202834367752075,7.313948631286621,0.24091559648513794,0.07526803761720657,48.52300262451172,0.01139302272349596,2.1773416996002197
49,7.980058670043945,0.24366948008537292,0.07862111926078796,47.67137908935547,0.010958058759570122,2.205946683883667,7.268760681152344,0.24032536149024963,0.07622990012168884,47.572391510009766,0.01314159668982029,2.198206901550293
50,7.931876182556152,0.24366410076618195,0.07869333773851395,47.516746520996094,0.011035026051104069,2.204791307449341,7.285013198852539,0.24144776165485382,0.07515870779752731,47.38901901245117,0.012089604511857033,2.1693027019500732
51,7.877851963043213,0.24259240925312042,0.07826879620552063,47.45170974731445,0.010767542757093906,2.192884922027588,7.568030834197998,0.23978263139724731,0.07491915673017502,48.28409957885742,0.01077535655349493,2.162236452102661
52,7.843929290771484,0.24231526255607605,0.07812785357236862,47.439788818359375,0.010744455270469189,2.1899876594543457,7.317436695098877,0.2398136556148529,0.0771222710609436,47.5615348815918,0.010995438322424889,2.174394369125366
53,7.882988929748535,0.2425757199525833,0.07801419496536255,47.402137756347656,0.010799062438309193,2.1899075508117676,7.315399646759033,0.2403412163257599,0.07752995938062668,47.468299865722656,0.010090377181768417,2.1639788150787354
54,7.880498886108398,0.24225902557373047,0.07797013968229294,47.39021301269531,0.010868759825825691,2.189862012863159,7.286768913269043,0.2401653379201889,0.0752871185541153,47.416751861572266,0.010380213148891926,2.1429805755615234
55,7.8543219566345215,0.24232731759548187,0.07770401984453201,47.340904235839844,0.010950418189167976,2.1872239112854004,7.28724479675293,0.24380925297737122,0.07676524668931961,48.4741325378418,0.010980180464684963,2.1897709369659424
56,7.88424015045166,0.2425079643726349,0.07808630168437958,47.32134246826172,0.010577665641903877,2.185903310775757,7.411075115203857,0.24095767736434937,0.079640693962574,47.63429641723633,0.010629411786794662,2.199706792831421
57,7.8524956703186035,0.24260403215885162,0.07797317951917648,47.29081726074219,0.010560671798884869,2.183638095855713,7.361546039581299,0.2399582862854004,0.07487934082746506,50.237342834472656,0.010683268308639526,2.1887145042419434
58,7.816005229949951,0.24161799252033234,0.07810774445533752,47.20939254760742,0.01053567323833704,2.1815690994262695,7.278763294219971,0.24270233511924744,0.07716041803359985,48.706703186035156,0.01218487974256277,2.214700222015381
59,7.82766580581665,0.24221864342689514,0.07775814086198807,47.316627502441406,0.010629924014210701,2.181950807571411,7.2125067710876465,0.2387721836566925,0.07439982146024704,47.84206771850586,0.010384083725512028,2.137363910675049
60,7.832852363586426,0.24140524864196777,0.07779943197965622,47.18131637573242,0.010484759695827961,2.1769776344299316,7.307833194732666,0.23987899720668793,0.07457608729600906,49.26647186279297,0.011075817048549652,2.1753122806549072
